"importjobid","contigname","start","end","names","referenceallele","alternatealleles","qual","filters","splitfrommultiallelic","attributes","phased","calls","genotypelikelihoods","phredlikelihoods","alleledepths","conditionalquality","spl","depth","ps","sampleid","information","annotations"
"a3c47da8-15c1-433f-b822-b094d47670eb-0","1","10615","10637",,"CCGCCGTTGCAAAGGCGCGCCG","[C]","217773.0","[PASS]","false","{AN=2, AC=2}","false","[1, 1]",,"[485, 47, 0]","[0, 10]","47",,"10",,"003_S_1057","{min_dp=null, sb=null}","{vep=null}"
"a3c47da8-15c1-433f-b822-b094d47670eb-0","1","12881","12882",,"C","[G]","1588.9699999999998","[PASS]","false","{AN=2, AC=1}","false","[0, 1]",,"[44, 0, 1576]","[62, 9]","44",,"71",,"003_S_1057","{min_dp=null, sb=null}","{vep=null}"
"a3c47da8-15c1-433f-b822-b094d47670eb-0","1","13011","13012",,"G","[A]","2626.25","[PASS]","false","{AN=2, AC=1}","false","[0, 1]",,"[124, 0, 1612]","[63, 12]","99",,"75",,"003_S_1057","{min_dp=null, sb=null}","{vep=null}"
"a3c47da8-15c1-433f-b822-b094d47670eb-0","1","13655","13658",,"CAG","[C]","281635.0","[PASS]","false","{AN=2, AC=1}","false","[0, 1]",,"[1045, 0, 731]","[19, 27]","99",,"46",,"003_S_1057","{min_dp=null, sb=null}","{vep=null}"
"a3c47da8-15c1-433f-b822-b094d47670eb-0","1","14888","14889","[rs142444908]","G","[A]","421.91","[PASS]","false","{AN=2, AC=1}","false","[0, 1]",,"[22, 0, 3021]","[122, 13]","22",,"135",,"003_S_1057","{min_dp=null, sb=null}","{vep=null}"
"a3c47da8-15c1-433f-b822-b094d47670eb-0","1","15273","15274",,"A","[G, T]","746507.0","[PASS]","false","{AN=2, AC=0,2}","false","[2, 2]",,"[1502, 1502, 1502, 156, 156, 0]","[0, 0, 52]","99",,"52",,"003_S_1057","{min_dp=null, sb=null}","{vep=null}"
"a3c47da8-15c1-433f-b822-b094d47670eb-0","1","15615","15616",,"G","[A]","988.0","[PASS]","false","{AN=2, AC=1}","false","[0, 1]",,"[72, 0, 1866]","[68, 10]","72",,"78",,"003_S_1057","{min_dp=null, sb=null}","{vep=null}"
"a3c47da8-15c1-433f-b822-b094d47670eb-0","1","15902","15903",,"G","[GC]","46323.2","[PASS]","false","{AN=2, AC=1}","false","[0, 1]",,"[82, 0, 511]","[16, 4]","82",,"20",,"003_S_1057","{min_dp=null, sb=null}","{vep=null}"
"a3c47da8-15c1-433f-b822-b094d47670eb-0","1","16948","16949",,"A","[C]","12800.7","[PASS]","false","{AN=2, AC=1}","false","[0, 1]",,"[69, 0, 711]","[28, 6]","69",,"34",,"003_S_1057","{min_dp=null, sb=null}","{vep=null}"
"a3c47da8-15c1-433f-b822-b094d47670eb-0","1","19189","19191",,"GC","[G]","67181.6","[PASS]","false","{AN=2, AC=1}","false","[0, 1]",,"[174, 0, 372]","[13, 7]","99",,"20",,"003_S_1057","{min_dp=null, sb=null}","{vep=null}"
