"run id","sample id","contig","position","id","ref allele","alt allele","quality","filter","info","format","sample"
"NQ-20-13","BC701502-143_S32","11","86980152",".","T","A","220","PASS","SNVHPOL=5;MQ=60;ANN=A|intron_variant|MODIFIER|TMEM135|ENSG00000166575|transcript|ENST00000305494|protein_coding|6/14|c.510-26672T>A||||||","GT:GQ:GQX:DP:DPF:AD:ADF:ADR:SB:FT:PL","0/1:97:30:26:0:6,20:3,9:3,11:-26.9:PASS:254,0,94"
"NQ-20-13","BC701502-143_S32","11","86980175",".","C","CT","244","PASS","CIGAR=1M1I;RU=T;REFREP=7;IDREP=8;MQ=60;ANN=CT|intron_variant|MODIFIER|TMEM135|ENSG00000166575|transcript|ENST00000305494|protein_coding|6/14|c.510-26642dupT||||||INFO_REALIGN_3_PRIME","GT:GQ:GQX:DPI:AD:ADF:ADR:FT:PL","0/1:40:14:26:6,16:3,7:3,9:PASS:266,0,37"
"NQ-20-13","BC701502-143_S32","11","86980302",".","G","A","126","PASS","SNVHPOL=3;MQ=60;ANN=A|intron_variant|MODIFIER|TMEM135|ENSG00000166575|transcript|ENST00000305494|protein_coding|6/14|c.510-26522G>A||||||","GT:GQ:GQX:DP:DPF:AD:ADF:ADR:SB:FT:PL","0/1:153:19:21:0:10,11:6,7:4,4:-17.3:PASS:161,0,151"
"NQ-20-13","BC701502-143_S32","11","86980322",".","GTT","G","2","LowGQX;NoPassedVariantGTs","CIGAR=1M2D;RU=T;REFREP=17;IDREP=15;MQ=60;ANN=G|intron_variant|MODIFIER|TMEM135|ENSG00000166575|transcript|ENST00000305494|protein_coding|6/14|c.510-26486_510-26485delTT||||||INFO_REALIGN_3_PRIME","GT:GQ:GQX:DPI:AD:ADF:ADR:FT:PL","0/1:7:0:18:11,4:5,2:6,2:LowGQX:2,0,63"
"NQ-20-13","BC701502-143_S32","11","86980349",".","C","CT","72","PASS","CIGAR=1M1I;RU=T;REFREP=10;IDREP=11;MQ=60;ANN=CT|intron_variant|MODIFIER|TMEM135|ENSG00000166575|transcript|ENST00000305494|protein_coding|6/14|c.510-26465dupT||||||INFO_REALIGN_3_PRIME","GT:GQ:GQX:DPI:AD:ADF:ADR:FT:PL","0/1:47:15:13:6,7:2,3:4,4:PASS:82,0,44"
"NQ-20-13","BC701502-143_S32","11","86980633",".","T","C","141","PASS","SNVHPOL=4;MQ=50;ANN=C|intron_variant|MODIFIER|TMEM135|ENSG00000166575|transcript|ENST00000305494|protein_coding|6/14|c.510-26191T>C||||||","GT:GQ:GQX:DP:DPF:AD:ADF:ADR:SB:FT:PL","0/1:174:14:31:4:16,15:6,6:10,9:-18.8:PASS:176,0,190"
"NQ-20-13","BC701502-143_S32","11","86980721",".","G","A","109","PASS","SNVHPOL=7;MQ=45;ANN=A|intron_variant|MODIFIER|TMEM135|ENSG00000166575|transcript|ENST00000305494|protein_coding|6/14|c.510-26103G>A||||||","GT:GQ:GQX:DP:DPF:AD:ADF:ADR:SB:FT:PL","0/1:142:14:29:0:17,12:10,6:7,6:-15.3:PASS:144,0,211"
"NQ-20-13","BC701502-143_S32","11","86980956",".","C","G","0","LowGQX;NoPassedVariantGTs","SNVHPOL=2;MQ=16;ANN=G|intron_variant|MODIFIER|TMEM135|ENSG00000166575|transcript|ENST00000305494|protein_coding|6/14|c.510-25868C>G||||||","GT:GQ:GQX:DP:DPF:AD:ADF:ADR:SB:FT:PL","0/1:8:0:6:0:5,1:4,1:1,0:0:LowGQX:10,0,111"
"NQ-20-13","BC701502-143_S32","11","86981072",".","G","T","0","LowGQX;NoPassedVariantGTs","SNVHPOL=2;MQ=35;ANN=T|intron_variant|MODIFIER|TMEM135|ENSG00000166575|transcript|ENST00000305494|protein_coding|6/14|c.510-25752G>T||||||","GT:GQ:GQX:DP:DPF:AD:ADF:ADR:SB:FT:PL","0/1:9:1:10:1:9,1:4,1:5,0:0:LowGQX:11,0,166"
"NQ-20-13","BC701502-143_S32","11","86981161",".","A","G","0","LowGQX;NoPassedVariantGTs","SNVHPOL=2;MQ=43;ANN=G|intron_variant|MODIFIER|TMEM135|ENSG00000166575|transcript|ENST00000305494|protein_coding|6/14|c.510-25663A>G||||||","GT:GQ:GQX:DP:DPF:AD:ADF:ADR:SB:FT:PL","0/1:11:0:18:1:16,2:7,2:9,0:0:LowGQX:12,0,217"
